{"bleu": 0.008594619603953366, "precisions": [0.17960001005803947, 0.01700469912317714, 0.0026777737760585976, 0.0006672021634385045], "brevity_penalty": 1.0, "length_ratio": 1.8428139645095045, "translation_length": 874922, "reference_length": 474775}