{"rouge1": 0.21476100754414737, "rouge2": 0.027914189244035346, "rougeL": 0.1353716875648627, "rougeLsum": 0.14498984834718376}