{"bleu": 0.009674338261625072, "precisions": [0.20504520593816275, 0.020769838582232757, 0.0029683753853179586, 0.0006929206605843631], "brevity_penalty": 1.0, "length_ratio": 1.6593813669197999, "translation_length": 8959, "reference_length": 5399}