{"rouge1": 0.22354712458580847, "rouge2": 0.031394254136790305, "rougeL": 0.1282191128480167, "rougeLsum": 0.1434472551889189}