{"bleu": 0.005485924938807668, "precisions": [0.12648154419234678, 0.010057961131946812, 0.0013731548232063166, 0.0005184929139301763], "brevity_penalty": 1.0, "length_ratio": 2.903638151425762, "translation_length": 5906, "reference_length": 2034}