{"rouge1": 0.16883430661313542, "rouge2": 0.017099307078639776, "rougeL": 0.09957229835021182, "rougeLsum": 0.1129792937551538}