{"bleu": 0.002794124417868158, "precisions": [0.11912832929782083, 0.007941483803552769, 0.0009119607155384076, 7.064641469445426e-05], "brevity_penalty": 1.0, "length_ratio": 3.1179896462467647, "translation_length": 14455, "reference_length": 4636}