{"rouge1": 0.1654023367140744, "rouge2": 0.016906949296015612, "rougeL": 0.10481227863841015, "rougeLsum": 0.1109451347291388}