{"bleu": 0.006473035116375084, "precisions": [0.14219680224584955, 0.013711553162765733, 0.002017021695282137, 0.00044642119012582466], "brevity_penalty": 1.0, "length_ratio": 2.61159566847849, "translation_length": 123962, "reference_length": 47466}