{"bleu": 0.0, "precisions": [0.16468842729970326, 0.006024096385542169, 0.0, 0.0], "brevity_penalty": 1.0, "length_ratio": 1.3755102040816327, "translation_length": 674, "reference_length": 490}