{"mean_score": 0.5952055037021637, "scores": [0.5052707195281982, 0.5865326523780823, 0.6041367650032043, 0.6121975779533386, 0.6296532154083252, 0.6504982113838196, 0.5784249901771545, 0.6414007544517517, 0.6071868538856506, 0.5367532968521118]}