{"rouge1": 0.20123394440337666, "rouge2": 0.02123254045834691, "rougeL": 0.13545688793813893, "rougeLsum": 0.14655414613203788}