{"bleu": 0.0061829582865347435, "precisions": [0.13705536302142804, 0.012945375355392898, 0.0018606098740874555, 0.0004427099296431758], "brevity_penalty": 1.0, "length_ratio": 2.7691240916403173, "translation_length": 149757, "reference_length": 54081}