{"avg_top_doc_class_match_accuracy": 0.2852760736196319, "avg_doc_class_match_accuracy": 0.29284253578732017}