{"rouge1": 0.18281112529712706, "rouge2": 0.022822772176498037, "rougeL": 0.1101523631849318, "rougeLsum": 0.12088823132271989}