{"bleu": 0.006859339339712001, "precisions": [0.14602991642878574, 0.014715836259668475, 0.002151343965071906, 0.00047884231050655633], "brevity_penalty": 1.0, "length_ratio": 2.5851338664112187, "translation_length": 1219798, "reference_length": 471851}