{"rouge1": 0.19341303810996813, "rouge2": 0.025714588509262608, "rougeL": 0.12158173146710802, "rougeLsum": 0.13086953300104373}