{"bleu": 0.011262113776230742, "precisions": [0.17244818796409175, 0.01725876947215062, 0.00362688427972345, 0.0014903129657228018], "brevity_penalty": 1.0, "length_ratio": 1.9462899050905953, "translation_length": 9023, "reference_length": 4636}