{"rouge1": 0.20277699888237338, "rouge2": 0.02966559627719774, "rougeL": 0.12755736412376045, "rougeLsum": 0.13628914072681486}