{"mean_score": 0.6142542841136456, "scores": [0.5083662867546082, 0.6052252650260925, 0.6477575898170471, 0.6641454100608826, 0.6414255499839783, 0.6036739945411682, 0.6315218210220337, 0.5569692254066467, 0.54507976770401, 0.6117174029350281, 0.6045239567756653, 0.6144160628318787, 0.6497065424919128, 0.5747334361076355, 0.6632177233695984, 0.5858383178710938, 0.699171245098114, 0.6367531418800354, 0.6769606471061707, 0.5423752069473267, 0.584186315536499, 0.6601554751396179, 0.5764026045799255, 0.49419763684272766, 0.7095129489898682, 0.6973894238471985, 0.6743735671043396, 0.6535534262657166, 0.5734868049621582, 0.6297613978385925, 0.6373070478439331, 0.6343923211097717, 0.5903640985488892, 0.5837340950965881, 0.5511443018913269, 0.4759555757045746, 0.6684686541557312, 0.605408251285553, 0.6043195724487305, 0.6174273490905762, 0.6111213564872742, 0.6182187795639038, 0.6528297066688538, 0.5814440846443176, 0.552726686000824, 0.6173126101493835, 0.6359725594520569, 0.6313968896865845, 0.6702079176902771, 0.6550304889678955, 0.6202072501182556, 0.5768961906433105, 0.6451142430305481, 0.5946139693260193, 0.6227331757545471, 0.6250320076942444, 0.6144729852676392, 0.6297443509101868, 0.7124139666557312, 0.5177801847457886, 0.5017114281654358, 0.6679157614707947, 0.651103675365448, 0.6142524480819702, 0.6738085746765137, 0.6011226773262024, 0.5681477189064026, 0.6278037428855896, 0.5711133480072021, 0.566133975982666, 0.6643203496932983, 0.6199960708618164, 0.6057645678520203, 0.6402761340141296, 0.656162440776825, 0.5292785167694092, 0.6290621161460876, 0.6367515921592712, 0.5853942036628723, 0.6805610060691833, 0.5581889152526855, 0.5516571402549744, 0.5790396928787231, 0.5862756967544556, 0.6301292181015015, 0.6209250092506409, 0.5909464955329895, 0.5019199252128601, 0.67256098985672, 0.5415616035461426, 0.6410307288169861, 0.6618049740791321, 0.701130211353302, 0.5625172853469849, 0.6228127479553223, 0.6077651381492615, 0.603341281414032, 0.7090724110603333, 0.6119384169578552, 0.6166742444038391, 0.6815380454063416, 0.5818172693252563, 0.5929005742073059, 0.6793002486228943, 0.6145294308662415, 0.6653478741645813, 0.5588163733482361, 0.6301315426826477, 0.6301172375679016, 0.6141104698181152, 0.6415346264839172, 0.6542572975158691, 0.6047388911247253, 0.5727413892745972, 0.5166046619415283, 0.6609719395637512, 0.5235309600830078, 0.7012976408004761, 0.60947185754776, 0.6193831562995911, 0.6042333245277405, 0.6099150776863098, 0.6221171021461487, 0.6097949147224426, 0.5409671664237976, 0.5526483058929443, 0.5931276082992554, 0.5962409377098083, 0.5762930512428284, 0.5913199782371521, 0.697317898273468, 0.6632300019264221, 0.6316742300987244, 0.5210102796554565, 0.5043889880180359, 0.6625484228134155, 0.688914954662323, 0.6502331495285034, 0.6273520588874817, 0.5441887974739075, 0.6600779294967651, 0.6584192514419556, 0.6804313063621521, 0.5329371094703674, 0.5661850571632385, 0.6792204976081848, 0.6666041016578674, 0.6164008975028992, 0.5830925107002258, 0.5884685516357422, 0.5721476674079895, 0.706514298915863, 0.6560665965080261, 0.6775726079940796, 0.5678313374519348, 0.6070683002471924, 0.4843554198741913, 0.5325261950492859, 0.6545616388320923, 0.6493300795555115, 0.628662109375, 0.6165078282356262, 0.6706913113594055, 0.5609760880470276, 0.5402929782867432, 0.6086208820343018, 0.6922240853309631, 0.5946300625801086, 0.6378731727600098, 0.5702070593833923, 0.6663353443145752, 0.5902855396270752, 0.663256824016571, 0.4888000190258026, 0.6112272143363953, 0.4929732382297516, 0.6683720946311951, 0.6572534441947937, 0.5509206652641296, 0.6286339163780212, 0.7076404690742493, 0.6295346617698669, 0.573148250579834, 0.6581646800041199, 0.5670521855354309, 0.6348073482513428, 0.6581444144248962, 0.6784974336624146, 0.5678344368934631, 0.5712229013442993, 0.6391132473945618, 0.5984507203102112, 0.5340151786804199, 0.5776241421699524, 0.5437484383583069, 0.5293744206428528, 0.6273523569107056, 0.573713481426239, 0.5865477323532104, 0.5778299570083618, 0.5943304896354675, 0.5810092091560364, 0.6885997653007507, 0.6693097949028015, 0.5857422947883606, 0.593961238861084, 0.6470150351524353, 0.6441587209701538, 0.649032711982727, 0.6886653304100037, 0.598315417766571, 0.6596346497535706, 0.6402737498283386, 0.6044056415557861, 0.5939353108406067, 0.6603283286094666, 0.652077317237854, 0.6433377861976624, 0.5855039954185486, 0.6041779518127441, 0.6112924814224243, 0.6946884989738464, 0.4546120762825012, 0.6024396419525146, 0.5832492709159851, 0.6411053538322449, 0.6333563923835754, 0.6342976689338684, 0.6184788346290588, 0.5672924518585205, 0.739392101764679, 0.6540921926498413, 0.6172475814819336, 0.7251607775688171, 0.65139240026474, 0.5588186979293823, 0.5813262462615967, 0.7121244072914124, 0.6000558733940125, 0.5970162153244019, 0.5714295506477356, 0.5294612050056458, 0.6213539242744446, 0.6034954190254211, 0.6212474703788757, 0.6487072706222534, 0.6568717360496521, 0.6502413749694824, 0.5691679120063782, 0.7191437482833862, 0.582056999206543, 0.5598512887954712, 0.6198621392250061, 0.6457050442695618, 0.7170746326446533, 0.6355386972427368, 0.6214128732681274, 0.44379332661628723, 0.5904144644737244, 0.5853356719017029, 0.6563968062400818, 0.5754812955856323, 0.7058815360069275, 0.6073881983757019, 0.4343389868736267, 0.6609408259391785, 0.6290415525436401, 0.6870589852333069, 0.6114454865455627, 0.6867643594741821, 0.6383118033409119, 0.5364827513694763, 0.5747513175010681, 0.6405500769615173, 0.6311033368110657, 0.5897036194801331, 0.671593427658081, 0.6782286763191223, 0.6231133341789246, 0.6126391291618347, 0.6728188395500183, 0.5661396384239197, 0.5431466698646545, 0.544467031955719, 0.6767508387565613, 0.6020115613937378, 0.571812093257904, 0.6529856324195862, 0.6847979426383972, 0.5893767476081848, 0.6476260423660278, 0.5974249839782715, 0.551736056804657, 0.698027491569519, 0.609948992729187, 0.6318836808204651, 0.6995052099227905, 0.6255558133125305, 0.7031082510948181, 0.6388327479362488, 0.5263081192970276, 0.5662391781806946, 0.669417142868042, 0.7511808276176453, 0.5984693169593811, 0.5908156037330627, 0.591753363609314, 0.5446602702140808, 0.6610467433929443, 0.6232706904411316, 0.7219539284706116, 0.5533234477043152, 0.56760573387146, 0.5570733547210693, 0.5812433958053589, 0.5204663872718811, 0.5314204096794128, 0.5373442769050598, 0.4188455641269684, 0.6464481949806213, 0.6779851317405701, 0.48315978050231934, 0.6400230526924133, 0.5003446936607361, 0.5405548810958862, 0.6572943329811096, 0.6069898009300232, 0.4900978207588196, 0.6472044587135315, 0.5310389995574951, 0.6022405028343201, 0.6550772190093994, 0.7064258456230164, 0.5561867952346802, 0.7155240774154663, 0.6479318141937256, 0.5059913992881775, 0.6498032212257385, 0.6138294339179993, 0.5891870260238647, 0.59757000207901, 0.684323251247406, 0.597667932510376, 0.677527904510498, 0.5966442227363586, 0.6010913252830505, 0.6247510313987732, 0.6148156523704529, 0.6769381165504456, 0.6543212532997131, 0.6607953906059265, 0.6129226684570312, 0.5568780303001404, 0.6612865328788757, 0.6612687706947327, 0.5307060480117798, 0.574547529220581, 0.6379559636116028, 0.6213402152061462, 0.6318475008010864, 0.5742985606193542, 0.5555557608604431, 0.6110580563545227, 0.5369621515274048, 0.6035325527191162, 0.5913881063461304, 0.5072041749954224, 0.6620834469795227, 0.5700564980506897, 0.5587263703346252, 0.6399320960044861, 0.582668125629425, 0.5736040472984314, 0.669832170009613, 0.6570364832878113, 0.5600335597991943, 0.6566668748855591, 0.573836624622345, 0.6001372933387756, 0.59183269739151, 0.6798434853553772, 0.6131188273429871, 0.6246147155761719, 0.5748215317726135, 0.6616275906562805, 0.5781455039978027, 0.6634143590927124, 0.5597421526908875, 0.5818026065826416, 0.5994994044303894, 0.5630040764808655, 0.5962468385696411, 0.6235835552215576, 0.6239880323410034, 0.4576786458492279, 0.47487619519233704, 0.5978536009788513, 0.6031295657157898, 0.6719139814376831, 0.6430913805961609, 