{"rouge1": 0.18825949319834873, "rouge2": 0.024524395196587168, "rougeL": 0.11930522950904815, "rougeLsum": 0.12849863908863285}