{"rouge1": 0.1961721713270021, "rouge2": 0.02967966750290682, "rougeL": 0.12727353626245577, "rougeLsum": 0.13321661355489484}