{"bleu": 0.008342056657991669, "precisions": [0.17961649352432382, 0.01688897940574399, 0.002597429960693241, 0.0006146092257700083], "brevity_penalty": 1.0, "length_ratio": 1.840956242430625, "translation_length": 874040, "reference_length": 474775}