{"rouge1": 0.21486982188804374, "rouge2": 0.027975202147138334, "rougeL": 0.13545130493417434, "rougeLsum": 0.1451923785072391}