{"bleu": 0.0057979532792651195, "precisions": [0.12751344965984457, 0.01180892728530119, 0.001776937345275815, 0.00042233812492049357], "brevity_penalty": 1.0, "length_ratio": 2.9635222141849384, "translation_length": 1405240, "reference_length": 474179}