{"rouge1": 0.17749376545955783, "rouge2": 0.021347630459139268, "rougeL": 0.11062192047233138, "rougeLsum": 0.11943559498239342}